,Địa phương,Điểm số PCI,Xếp hạng,Nhóm xếp hạng,nam
0,Bình Dương,77.61,1,,2006
1,Da Nang,75.82,2,,2006
2,Bình Định,66.97,3,,2006
3,Vĩnh Long,66.21,4,,2006
4,Lào Cai,66.14,5,,2006
5,Đồng Nai,65.47,6,,2006
6,TP.HCM,64.75,7,,2006
7,Vĩnh Phúc,61.4,8,,2006
8,An Giang,61.12,9,,2006
9,Cần Thơ,58.35,10,,2006
10,Đồng Tháp,57.65,11,,2006
11,Yên Bái,57.6,12,,2006
12,Trà Vinh,57.24,13,,2006
13,Bắc Ninh,56.47,14,,2006
14,Quảng Nam,56.2,15,,2006
15,Bắc Kạn,55.89,16,,2006
16,Ninh Binh,55.78,17,,2006
17,Phú Thọ,55.73,18,,2006
18,BRVT,55.54,19,,2006
19,Hưng Yên,55.53,20,,2006
20,Phú Yên,55.11,21,,2006
21,Khánh Hòa,54.45,22,,2006
22,Nghệ An,54.44,23,,2006
23,Sóc Trăng,54.34,24,,2006
24,Bến Tre,54.33,25,,2006
25,Gia Lai,54.27,26,,2006
26,Quảng Ninh,54.05,27,,2006
27,Hậu Giang,53.1,28,,2006
28,Kiên Giang,52.87,29,,2006
29,Hải Dương,52.87,30,,2006
30,Bình Thuận,52.84,31,,2006
31,Thái Nguyên,52.5,32,,2006
32,Tiền Giang,52.32,33,,2006
33,Quảng Trị,52.17,34,,2006
34,Lâm Đồng,52.1,35,,2006
35,Thái Bình,50.57,36,,2006
36,Đắk Lắk,50.57,37,,2006
37,Hà Nội,50.14,38,,2006
38,Hòa Bình,50.13,39,,2006
39,TT- Huế,49.83,40,,2006
40,Hải Phòng,49.82,41,,2006
41,Long An,49.73,42,,2006
42,Hà Giang,49.44,43,,2006
43,Nam Định,48.72,44,,2006
44,Lạng Sơn,48.64,45,,2006
45,Bắc Giang,48.36,46,,2006
46,Tuyên Quang,47.6,47,,2006
47,Tây Ninh,47.31,48,,2006
48,Quảng Bình,47.29,49,,2006
49,Hà Nam,47.22,50,,2006
50,Cao Bằng,46.0,51,,2006
51,Ninh Thuận,45.9,52,,2006
52,Sơn La,45.66,53,,2006
53,Bình Phước,45.47,54,,2006
54,Thanh Hóa,45.29,55,,2006
55,Cà Mau,43.87,56,,2006
56,Quảng Ngãi,42.98,57,,2006
57,Điện Biên,41.93,58,,2006
58,Bạc Liêu,41.79,59,,2006
59,Hà Tĩnh,41.62,60,,2006
60,Kon Tum,40.75,61,,2006
61,Đắk Nông,38.31,62,,2006
62,Lai Châu,36.07,63,,2006
0,Bình Dương,77.2,1,,2007
1,Đà Nẵng,72.96,2,,2007
2,Vĩnh Long,70.14,3,,2007
3,Bình Định,69.46,4,,2007
4,Lào Cai,66.95,5,,2007
5,An Giang,66.47,6,,2007
6,Vĩnh Phúc,66.06,7,,2007
7,BRVT,65.63,8,,2007
8,Đồng Tháp,64.9,9,,2007
9,TP.HCM,64.83,10,,2007
10,Sóc Trăng,64.68,11,,2007
11,Tiền Giang,64.63,12,,2007
12,Quảng Nam,62.92,13,,2007
13,Bến Tre,62.88,14,,2007
14,TT- Huế,62.44,15,,2007
15,Đồng Nai,62.33,16,,2007
16,Cần Thơ,61.76,17,,2007
17,Yên Bái,59.73,18,,2007
18,Hậu Giang,59.41,19,,2007
19,Bắc Ninh,58.96,20,,2007
20,Long An,58.82,21,,2007
21,Quảng Ninh,58.34,22,,2007
22,Phú Yên,57.87,23,,2007
23,Ninh Binh,57.67,24,,2007
24,Bình Thuận,57.66,25,,2007
25,Hưng Yên,57.47,26,,2007
26,Hà Nội,56.73,27,,2007
27,Trà Vinh,56.3,28,,2007
28,Cà Mau,56.19,29,,2007
29,Gia Lai,56.16,30,,2007
30,Thái Bình,55.99,31,,2007
31,Phú Thọ,55.64,32,,2007
32,Bắc Giang,55.48,33,,2007
33,Hà Giang,54.59,34,,2007
34,Tây Ninh,53.92,35,,2007
35,Hải Dương,53.22,36,,2007
36,Hải Phòng,53.19,37,,2007
37,Kiên Giang,52.82,38,,2007
38,Thanh Hóa,52.82,39,,2007
39,Khánh Hòa,52.42,40,,2007
40,Tuyên Quang,52.13,41,,2007
41,Thái Nguyên,52.02,42,,2007
42,Nam Định,51.76,43,,2007
43,Quảng Ngãi,51.39,44,,2007
44,Hà Nam,51.29,45,,2007
45,Quảng Trị,51.1,46,,2007
46,Đắk Lắk,51.05,47,,2007
47,Bình Phước,50.37,48,,2007
48,Sơn La,50.35,49,,2007
49,Hòa Bình,50.18,50,,2007
50,Lâm Đồng,49.85,51,,2007
51,Nghệ An,49.76,52,,2007
52,Quảng Bình,49.51,53,,2007
53,Ninh Thuận,47.33,54,,2007
54,Bắc Kạn,46.47,55,,2007
55,Hà Tĩnh,45.56,56,,2007
56,Kon Tum,44.54,57,,2007
57,Lạng Sơn,43.23,58,,2007
58,Bạc Liêu,42.49,59,,2007
59,Điện Biên,41.7,60,,2007
60,Cao Bằng,40.18,61,,2007
61,Lai Châu,38.19,62,,2007
62,Đắk Nông,37.96,63,,2007
0,Đà Nẵng,72.18,1,,2008
1,Bình Dương,71.76,2,,2008
2,Vĩnh Phúc,69.37,3,,2008
3,Vĩnh Long,66.97,4,,2008
4,Đồng Tháp,66.64,5,,2008
5,Long An,63.99,6,,2008
6,Bến Tre,62.42,7,,2008
7,Lào Cai,61.22,8,,2008
8,An Giang,61.12,9,,2008
9,TT- Huế,60.71,10,,2008
10,Bình Định,60.67,11,,2008
11,BRVT,60.51,12,,2008
12,TP.HCM,60.15,13,,2008
13,Quảng Nam,59.97,14,,2008
14,Đồng Nai,59.62,15,,2008
15,Bắc Ninh,59.57,16,,2008
16,Bình Thuận,58.75,17,,2008
17,Cà Mau,58.64,18,,2008
18,Yên Bái,57.79,19,,2008
19,Hưng Yên,57.53,20,,2008
20,Tiền Giang,57.27,21,,2008
21,Cần Thơ,56.32,22,,2008
22,Ninh Binh,56.14,23,,2008
23,Hậu Giang,55.36,24,,2008
24,Trà Vinh,55.17,25,,2008
25,Ha Nam,55.13,26,,2008
26,Quảng Ninh,54.7,27,,2008
27,Thái Bình,54.27,28,,2008
28,Sóc Trăng,54.24,29,,2008
29,Hải Dương,54.07,30,,2008
30,Hà Nội,53.74,31,,2008
31,Bình Phước,53.71,32,,2008
32,Đắk Lắk,53.33,33,,2008
33,Phú Thọ,52.49,34,,2008
34,Kiên Giang,52.25,35,,2008
35,Khánh Hòa,52.12,36,,2008
36,Tuyên Quang,52.0,37,,2008
37,Gia Lai,51.82,38,,2008
38,Phú Yên,51.24,39,,2008
39,Quảng Trị,50.72,40,,2008
40,Quảng Ngãi,50.05,41,,2008
41,Nam Định,49.52,42,,2008
42,Nghệ An,48.46,43,,2008
43,Hòa Bình,48.35,44,,2008
44,Hà Giang,48.18,45,,2008
45,Lâm Đồng,48.1,46,,2008
46,Ninh Thuận,47.82,47,,2008
47,Hải Phòng,47.68,48,,2008
48,Hà Tĩnh,47.48,49,,2008
49,Bắc Giang,47.44,50,,2008
50,Sơn La,46.6,51,,2008
51,Thanh Hóa,46.22,52,,2008
52,Thái Nguyên,46.03,53,,2008
53,Lạng Sơn,45.63,54,,2008
54,Tây Ninh,45.1,55,,2008
55,Quảng Bình,44.17,56,,2008
56,Lai Châu,43.95,57,,2008
57,Kon Tum,41.94,58,,2008
58,Cao Bằng,41.02,59,,2008
59,Đắk Nông,41.0,60,,2008
60,Bạc Liêu,40.92,61,,2008
61,Bắc Kạn,39.78,62,,2008
62,Điện Biên,36.4,63,,2008
0,Đà Nẵng,75.96,1,,2009
1,Bình Dương,74.01,2,,2009
2,Lào Cai,70.47,3,,2009
3,Đồng Tháp,68.54,4,,2009
4,Vĩnh Long,67.24,5,,2009
5,Vĩnh Phúc,66.65,6,,2009
6,Bình Định,65.97,7,,2009
7,BRVT,65.96,8,,2009
8,Tiền Giang,65.81,9,,2009
9,Bắc Ninh,65.7,10,,2009
10,Bình Thuận,64.96,11,,2009
11,Long An,64.44,12,,2009
12,Hậu Giang,64.38,13,,2009
13,TT- Huế,64.23,14,,2009
14,Bến Tre,64.09,15,,2009
15,TP.HCM,63.22,16,,2009
16,Trà Vinh,63.22,17,,2009
17,Đồng Nai,63.16,18,,2009
18,Kiên Giang,63.04,19,,2009
19,An Giang,62.47,20,,2009
20,Cần Thơ,62.17,21,,2009
21,Cà Mau,61.96,22,,2009
22,Yên Bái,61.71,23,,2009
23,Hưng Yên,61.31,24,,2009
24,Quảng Nam,61.08,25,,2009
25,Quảng Ninh,60.81,26,,2009
26,Điện Biên,59.32,27,,2009
27,Tây Ninh,59.03,28,,2009
28,Hải Dương,58.96,29,,2009
29,Khánh Hòa,58.66,30,,2009
30,Thái Nguyên,58.58,31,,2009
31,Ninh Binh,58.31,32,,2009
32,Hà Nội,58.18,33,,2009
33,Hà Giang,58.16,34,,2009
34,Tuyên Quang,57.92,35,,2009
35,Hải Phòng,57.57,36,,2009
36,Bắc Giang,57.5,37,,2009
37,Đắk Lắk,57.37,38,,2009
38,Thanh Hóa,57.32,39,,2009
39,Ha Nam,56.89,40,,2009
40,Sóc Trăng,56.63,41,,2009
41,Bình Phước,56.15,42,,2009
42,Gia Lai,56.0,43,,2009
43,Quảng Bình,55.68,44,,2009
44,Lai Châu,55.55,45,,2009
45,Quảng Trị,55.32,46,,2009
46,Hà Tĩnh,55.26,47,,2009
47,Ninh Thuận,54.91,48,,2009
48,Phú Yên,54.77,49,,2009
49,Thái Bình,54.58,50,,2009
50,Kon Tum,54.28,51,,2009
51,Sơn La,53.4,52,,2009
52,Phú Thọ,53.3,53,,2009
53,Lâm Đồng,52.93,54,,2009
54,Nam Định,52.6,55,,2009
55,Nghệ An,52.56,56,,2009
56,Lạng Sơn,52.52,57,,2009
57,Quảng Ngãi,52.34,58,,2009
58,Bạc Liêu,52.04,59,,2009
59,Hòa Bình,47.82,60,,2009
60,Bắc Kạn,47.5,61,,2009
61,Đắk Nông,46.96,62,,2009
62,Cao Bằng,45.43,63,,2009
0,Đà Nẵng,69.77,1,Rất tốt,2010
1,Lào Cai,67.95,2,Rất tốt,2010
2,Đồng Tháp,67.22,3,Rất tốt,2010
3,Trà Vinh,65.8,4,Tốt,2010
4,Bình Dương,65.72,5,Tốt,2010
5,Bắc Ninh,64.48,6,Tốt,2010
6,Quảng Ninh,64.41,7,Tốt,2010
7,Hậu Giang,63.91,8,Tốt,2010
8,Vĩnh Long,63.4,9,Tốt,2010
9,Bến Tre,63.11,10,Tốt,2010
10,Ninh Binh,62.85,11,Tốt,2010
11,Long An,62.74,12,Tốt,2010
12,Cần Thơ,62.46,13,Tốt,2010
13,An Giang,61.94,14,Tốt,2010
14,Vĩnh Phúc,61.73,15,Tốt,2010
15,Quảng Trị,61.61,16,Tốt,2010
16,Sóc Trăng,61.49,17,Tốt,2010
17,TT- Huế,61.31,18,Tốt,2010
18,BRVT,60.55,19,Tốt,2010
19,Bình Định,60.37,20,Tốt,2010
20,Yên Bái,60.16,21,Tốt,2010
21,Thái Bình,60.04,22,Tốt,2010
22,TP.HCM,59.67,23,Khá,2010
23,Tiền Giang,59.63,24,Khá,2010
24,Đồng Nai,59.49,25,Khá,2010
25,Quảng Nam,59.34,26,Khá,2010
26,Kiên Giang,58.9,27,Khá,2010
27,Bình Thuận,58.45,28,Khá,2010
28,Lâm Đồng,58.26,29,Khá,2010
29,Bạc Liêu,58.2,30,Khá,2010
30,Phú Yên,58.18,31,Khá,2010
31,Bắc Giang,58.02,32,Khá,2010
32,Tây Ninh,57.93,33,Khá,2010
33,Tuyên Quang,57.9,34,Khá,2010
34,Hải Dương,57.51,35,Khá,2010
35,Bình Phước,57.24,36,Khá,2010
36,Hà Tĩnh,57.22,37,Khá,2010
37,Đắk Lắk,57.2,38,Khá,2010
38,Kon Tum,57.01,39,Khá,2010
39,Khánh Hòa,56.75,40,Khá,2010
40,Ninh Thuận,56.61,41,Khá,2010
41,Thái Nguyên,56.54,42,Khá,2010
42,Hà Nội,55.73,43,Khá,2010
43,Thanh Hóa,55.68,44,Khá,2010
44,Nam Định,55.63,45,Khá,2010
45,Quảng Bình,55.22,46,Khá,2010
46,Điện Biên,55.12,47,Khá,2010
47,Hải Phòng,54.64,48,Khá,2010
48,Hà Giang,53.94,49,Khá,2010
49,Gia Lai,53.65,50,Khá,2010
50,Cà Mau,53.57,51,Khá,2010
51,Cao Bằng,53.55,52,Khá,2010
52,Phú Thọ,52.47,53,Trung bình,2010
53,Nghệ An,52.38,54,Trung bình,2010
54,Quảng Ngãi,52.21,55,Trung bình,2010
55,Ha Nam,52.18,56,Trung bình,2010
56,Lai Châu,51.77,57,Trung bình,2010
57,Bắc Kạn,51.49,58,Trung Bình,2010
58,Lạng Sơn,50.2,59,Tương đối thấp,2010
59,Hòa Bình,49.89,60,Tương đối thấp,2010
60,Hưng Yên,49.77,61,Tương đối thấp,2010
61,Sơn La,49.26,62,Tương đối thấp,2010
62,Đắk Nông,48.91,63,Tương đối thấp,2010
0,Lào Cai,73.53,1,Rất tốt,2011
1,Bắc Ninh,67.27,2,Rất tốt,2011
2,Long An,67.12,3,Rất tốt,2011
3,Đồng Tháp,67.06,4,Rất tốt,2011
4,Đà Nẵng,66.98,5,Rất tốt,2011
5,BRVT,66.13,6,Rất tốt,2011
6,Hà Tĩnh,65.97,7,Tốt,2011
7,Bình Phước,65.87,8,Tốt,2011
8,Đồng Nai,64.77,9,Tốt,2011
9,Bình Dương,63.99,10,Tốt,2011
10,Quảng Nam,63.4,11,Tốt,2011
11,Quảng Ninh,63.25,12,Tốt,2011
12,Quảng Trị,63.08,13,Tốt,2011
13,Yên Bái,63.05,14,Tốt,2011
14,Sóc Trăng,62.68,15,Tốt,2011
15,Cần Thơ,62.66,16,Tốt,2011
16,Vĩnh Phúc,62.57,17,Tốt,2011
17,Quảng Ngãi,62.24,18,Tốt,2011
18,An Giang,62.22,19,Tốt,2011
19,TP.HCM,61.93,20,Tốt,2011
20,Ninh Binh,61.12,21,Tốt,2011
21,TT- Huế,60.95,22,Tốt,2011
22,Bắc Giang,60.79,23,Tốt,2011
23,Thanh Hóa,60.62,24,Tốt,2011
24,Tây Ninh,60.43,25,Tốt,2011
25,Lai Châu,60.36,26,Tốt,2011
26,Phú Thọ,60.31,27,Tốt,2011
27,Kiên Giang,59.98,28,Khá,2011
28,Điện Biên,59.96,29,Khá,2011
29,Bến Tre,59.9,30,Khá,2011
30,Tiền Giang,59.58,31,Khá,2011
31,Cà Mau,59.43,32,Khá,2011
32,Hưng Yên,59.29,33,Khá,2011
33,Khánh Hòa,59.11,34,Khá,2011
34,Hải Dương,58.41,35,Khá,2011
35,Hà Nội,58.28,36,Khá,2011
36,Quảng Bình,58.16,37,Khá,2011
37,Bình Định,58.14,38,Khá,2011
38,Bạc Liêu,57.92,39,Khá,2011
39,Bình Thuận,57.62,40,Khá,2011
40,Hà Giang,57.62,41,Khá,2011
41,Trà Vinh,57.56,42,Khá,2011
42,Hậu Giang,57.4,43,Khá,2011
43,Kon Tum,57.1,44,Khá,2011
44,Hải Phòng,57.07,45,Khá,2011
45,Ninh Thuận,57.0,46,Khá,2011
46,Hòa Bình,56.52,47,Khá,2011
47,Nam Định,55.48,48,Khá,2011
48,Nghệ An,55.46,49,Khá,2011
49,Phú Yên,55.15,50,Khá,2011
50,Gia Lai,55.07,51,Khá,2011
51,Sơn La,54.32,52,Khá,2011
52,Lạng Sơn,54.26,53,Khá,2011
53,Vĩnh Long,54.1,54,Khá,2011
54,Thái Bình,53.69,55,Khá,2011
55,Tuyên Quang,53.67,56,Khá,2011
56,Thái Nguyên,53.57,57,Khá,2011
57,Đắk Lắk,53.46,58,Khá,2011
58,Đắk Nông,52.87,59,Trung bình,2011
59,Bắc Kạn,52.71,60,Trung Bình,2011
60,Lâm Đồng,51.75,61,Trung bình,2011
61,Ha Nam,51.58,62,Trung bình,2011
62,Cao Bằng,50.98,63,Tương đối thấp,2011
0,Đồng Tháp,63.79,1,Tốt,2012
1,An Giang,63.42,2,Tốt,2012
2,Lào Cai,63.08,3,Tốt,2012
3,Bình Định,63.06,4,Tốt,2012
4,Vĩnh Long,62.97,5,Tốt,2012
5,Kiên Giang,62.96,6,Tốt,2012
6,Bạc Liêu,62.85,7,Tốt,2012
7,Trà Vinh,62.75,8,Tốt,2012
8,Đồng Nai,62.29,9,Tốt,2012
9,Bắc Ninh,62.26,10,Tốt,2012
10,Hậu Giang,62.01,11,Tốt,2012
11,Đà Nẵng,61.71,12,Tốt,2012
12,TP.HCM,61.19,13,Tốt,2012
13,Cần Thơ,60.32,14,Tốt,2012
14,Quảng Nam,60.27,15,Tốt,2012
15,Long An,60.21,16,Tốt,2012
16,Thái Nguyên,60.07,17,Tốt,2012
17,Ninh Thuận,59.76,18,Khá,2012
18,Bình Dương,59.64,19,Khá,2012
19,Quảng Ninh,59.55,20,Khá,2012
20,BRVT,59.14,21,Khá,2012
21,Sơn La,58.99,22,Khá,2012
22,Ninh Binh,58.87,23,Khá,2012
23,Khánh Hòa,58.82,24,Khá,2012
24,Thái Bình,58.37,25,Khá,2012
25,Bến Tre,58.35,26,Khá,2012
26,Quảng Ngãi,58.33,27,Khá,2012
27,Hưng Yên,58.01,28,Khá,2012
28,Tiền Giang,57.63,29,Khá,2012
29,TT- Huế,57.12,30,Khá,2012
30,Bắc Giang,57.08,31,Khá,2012
31,Gia Lai,56.5,32,Khá,2012
32,Hải Dương,56.29,33,Khá,2012
33,Lạng Sơn,56.29,34,Khá,2012
34,Hà Tĩnh,56.27,35,Khá,2012
35,Đắk Lắk,55.94,36,Khá,2012
36,Quảng Trị,55.91,37,Khá,2012
37,Quảng Bình,55.84,38,Khá,2012
38,Bình Phước,55.82,39,Khá,2012
39,Phú Thọ,55.54,40,Khá,2012
40,Hòa Bình,55.51,41,Khá,2012
41,Yên Bái,55.36,42,Khá,2012
42,Vĩnh Phúc,55.15,43,Khá,2012
43,Thanh Hóa,55.11,44,Khá,2012
44,Sóc Trăng,55.01,45,Khá,2012
45,Nghệ An,54.36,46,Khá,2012
46,Bình Thuận,54.08,47,Khá,2012
47,Đắk Nông,53.91,48,Khá,2012
48,Cà Mau,53.76,49,Khá,2012
49,Hải Phòng,53.58,50,Khá,2012
50,Hà Nội,53.4,51,Khá,2012
51,Phú Yên,53.36,52,Khá,2012
52,Hà Giang,53.0,53,Khá,2012
53,Lâm Đồng,52.84,54,Trung bình,2012
54,Lai Châu,52.47,55,Trung bình,2012
55,Nam Định,52.23,56,Trung bình,2012
56,Tây Ninh,51.95,57,Trung bình,2012
57,Ha Nam,51.92,58,Trung bình,2012
58,Kon Tum,51.39,59,Trung bình,2012
59,Bắc Kạn,51.0,60,Trung bình,2012
60,Cao Bằng,50.55,61,Tương đối thấp,2012
61,Tuyên Quang,47.81,62,Tương đối thấp,2012
62,Điện Biên,45.12,63,Tương đối thấp,2012
0,Đà Nẵng,66.45,1,Rất tốt,2013
1,TT- Huế,65.56,2,Rất tốt,2013
2,Kiên Giang,63.55,3,Rất tốt,2013
3,Quảng Ninh,63.51,4,Rất tốt,2013
4,Đồng Tháp,63.35,5,Rất tốt,2013
5,Bến Tre,62.78,6,Rất tốt,2013
6,Quảng Ngãi,62.6,7,Rất tốt,2013
7,Thanh Hóa,61.59,8,Tốt,2013
8,Cần Thơ,61.46,9,Tốt,2013
9,TP.HCM,61.19,10,Tốt,2013
10,Tây Ninh,61.15,11,Tốt,2013
11,Bắc Ninh,61.07,12,Tốt,2013
12,Trà Vinh,60.87,13,Tốt,2013
13,Bạc Liêu,59.89,14,Khá,2013
14,Hải Phòng,59.76,15,Khá,2013
15,Vĩnh Long,59.73,16,Khá,2013
16,Lào Cai,59.43,17,Khá,2013
17,Bình Định,59.37,18,Khá,2013
18,Long An,59.36,19,Khá,2013
19,Hậu Giang,59.29,20,Khá,2013
20,Thái Bình,59.1,21,Khá,2013
21,Bình Thuận,59.09,22,Khá,2013
22,An Giang,59.07,23,Khá,2013
23,Sóc Trăng,58.97,24,Khá,2013
24,Thái Nguyên,58.96,25,Khá,2013
25,Vĩnh Phúc,58.86,26,Khá,2013
26,Quảng Nam,58.76,27,Khá,2013
27,Ninh Binh,58.71,28,Khá,2013
28,Quảng Bình,58.25,29,Khá,2013
29,Bình Dương,58.15,30,Khá,2013
30,Gia Lai,57.96,31,Khá,2013
31,Hà Nam,57.81,32,Khá,2013
32,Hà Nội,57.67,33,Khá,2013
33,Khánh Hòa,57.49,34,Khá,2013
34,Bình Phước,57.47,35,Khá,2013
35,Lâm Đồng,57.22,36,Khá,2013
36,Tiền Giang,57.19,37,Khá,2013
37,Đắk Lắk,57.13,38,Khá,2013
38,BRVT,56.99,39,Khá,2013
39,Đồng Nai,56.93,40,Khá,2013
40,Hải Dương,56.37,41,Trung bình,2013
41,Nam Định,56.31,42,Trung bình,2013
42,Điện Biên,56.23,43,Trung bình,2013
43,Kon Tum,56.04,44,Trung bình,2013
44,Hà Tĩnh,55.88,45,Trung bình,2013
45,Nghệ An,55.83,46,Trung bình,2013
46,Lai Châu,55.78,47,Trung bình,2013
47,Hà Giang,55.04,48,Tương đối thấp,2013
48,Bắc Giang,54.79,49,Tương đối thấp,2013
49,Đắk Nông,54.68,50,Tương đối thấp,2013
50,Phú Yên,54.48,51,Tương đối thấp,2013
51,Ninh Thuận,54.22,52,Tương đối thấp,2013
52,Hưng Yên,53.91,53,Tương đối thấp,2013
53,Phú Thọ,53.91,54,Tương đối thấp,2013
54,Sơn La,53.86,55,Tương đối thấp,2013
55,Cà Mau,53.8,56,Tương đối thấp,2013
56,Bắc Kạn,53.53,57,Tương đối thấp,2013
57,Quảng Trị,53.13,58,Thấp,2013
58,Lạng Sơn,52.76,59,Thấp,2013
59,Yên Bái,52.67,60,Thấp,2013
60,Cao Bằng,52.3,61,Thấp,2013
61,Hòa Bình,52.15,62,Thấp,2013
62,Tuyên Quang,48.98,63,Thấp,2013
0,Đà Nẵng,66.87,1,Rất tốt,2014
1,Đồng Tháp,65.28,2,Rất tốt,2014
2,Lào Cai,64.67,3,Rất tốt,2014
3,TP.HCM,62.73,4,Rất tốt,2014
4,Quảng Ninh,62.16,5,Rất tốt,2014
5,Vĩnh Phúc,61.81,6,Tốt,2014
6,Long An,61.37,7,Tốt,2014
7,Thái Nguyên,61.25,8,Tốt,2014
8,Kiên Giang,61.1,9,Tốt,2014
9,Bắc Ninh,60.92,10,Tốt,2014
10,Ninh Binh,60.75,11,Tốt,2014
11,Thanh Hóa,60.33,12,Tốt,2014
12,TT- Huế,59.98,13,Khá,2014
13,Quảng Nam,59.97,14,Khá,2014
14,Cần Thơ,59.94,15,Khá,2014
15,Khánh Hòa,59.78,16,Khá,2014
16,Bình Định,59.72,17,Khá,2014
17,Bến Tre,59.7,18,Khá,2014
18,Tây Ninh,59.62,19,Khá,2014
19,Quảng Ngãi,59.55,20,Khá,2014
20,Vĩnh Long,59.54,21,Khá,2014
21,Bạc Liêu,59.5,22,Khá,2014
22,Bình Thuận,59.16,23,Khá,2014
23,BRVT,59.05,24,Khá,2014
24,Hậu Giang,58.91,25,Khá,2014
25,Hà Nội,58.89,26,Khá,2014
26,Bình Dương,58.82,27,Khá,2014
27,Nghệ An,58.82,28,Khá,2014
28,Lâm Đồng,58.79,29,Khá,2014
29,Đắk Lắk,58.76,30,Khá,2014
30,Hải Dương,58.63,31,Khá,2014
31,Trà Vinh,58.58,32,Khá,2014
32,Nam Định,58.52,33,Khá,2014
33,Hải Phòng,58.25,34,Khá,2014
34,Hà Tĩnh,58.19,35,Khá,2014
35,Sóc Trăng,58.13,36,Khá,2014
36,An Giang,58.1,37,Khá,2014
37,Bình Phước,57.79,38,Khá,2014
38,Phú Thọ,57.72,39,Khá,2014
39,Thái Bình,57.37,40,Khá,2014
40,Bắc Giang,57.33,41,Khá,2014
41,Đồng Nai,57.26,42,Khá,2014
42,Ninh Thuận,56.88,43,Trung bình,2014
43,Hà Nam,56.57,44,Trung bình,2014
44,Hòa Bình,56.57,45,Trung bình,2014
45,Quảng Bình,56.5,46,Trung bình,2014
46,Phú Yên,56.44,47,Trung bình,2014
47,Gia Lai,56.16,48,Trung bình,2014
48,Sơn La,55.28,49,Tương đối thấp,2014
49,Tuyên Quang,55.2,50,Tương đối thấp,2014
50,Hưng Yên,55.14,51,Tương đối thấp,2014
51,Tiền Giang,55.11,52,Tương đối thấp,2014
52,Quảng Trị,55.07,53,Tương đối thấp,2014
53,Lạng Sơn,55.05,54,Tương đối thấp,2014
54,Yên Bái,54.77,55,Tương đối thấp,2014
55,Kon Tum,54.66,56,Tương đối thấp,2014
56,Đắk Nông,53.9,57,Tương đối thấp,2014
57,Cà Mau,53.22,58,Thấp,2014
58,Bắc Kạn,53.02,59,Thấp,2014
59,Hà Giang,52.47,60,Thấp,2014
60,Cao Bằng,52.04,61,Thấp,2014
61,Lai Châu,50.6,62,Thấp,2014
62,Điện Biên,50.32,63,Thấp,2014
0,Đà Nẵng,68.34,1,Rất tốt,2015
1,Đồng Tháp,66.39,2,Rất tốt,2015
2,Quảng Ninh,65.75,3,Rất tốt,2015
3,Vĩnh Phúc,62.56,4,Rất tốt,2015
4,Lào Cai,62.32,5,Rất tốt,2015
5,TP.HCM,61.36,6,Tốt,2015
6,Thái Nguyên,61.21,7,Tốt,2015
7,Quảng Nam,61.06,8,Tốt,2015
8,Long An,60.86,9,Tốt,2015
9,Thanh Hóa,60.74,10,Tốt,2015
10,Kiên Giang,60.31,11,Tốt,2015
11,Bến Tre,60.1,12,Tốt,2015
12,Bắc Ninh,59.91,13,Khá,2015
13,Cần Thơ,59.81,14,Khá,2015
14,Quảng Ngãi,59.7,15,Khá,2015
15,Tây Ninh,59.66,16,Khá,2015
16,Nam Định,59.62,17,Khá,2015
17,BRVT,59.51,18,Khá,2015
18,Vĩnh Long,59.49,19,Khá,2015
19,Bình Định,59.23,20,Khá,2015
20,Lâm Đồng,59.04,21,Khá,2015
21,Sóc Trăng,59.04,22,Khá,2015
22,Đắk Lắk,59.0,23,Khá,2015
23,Hà Nội,59.0,24,Khá,2015
24,Bình Dương,58.89,25,Khá,2015
25,Bình Thuận,58.83,26,Khá,2015
26,Khánh Hòa,58.69,27,Khá,2015
27,Hải Phòng,58.65,28,Khá,2015
28,TT- Huế,58.52,29,Khá,2015
29,Ninh Binh,58.51,30,Khá,2015
30,Hà Nam,58.49,31,Khá,2015
31,Nghệ An,58.47,32,Khá,2015
32,Bạc Liêu,58.44,33,Khá,2015
33,Hải Dương,58.37,34,Khá,2015
34,Phú Thọ,58.37,35,Khá,2015
35,Hậu Giang,58.33,36,Khá,2015
36,Đồng Nai,57.79,37,Khá,2015
37,Thái Bình,57.64,38,Khá,2015
38,An Giang,57.61,39,Khá,2015
39,Bắc Giang,57.61,40,Khá,2015
40,Trà Vinh,57.55,41,Khá,2015
41,Ninh Thuận,57.45,42,Khá,2015
42,Quảng Trị,57.32,43,Khá,2015
43,Sơn La,57.21,44,Khá,2015
44,Hà Tĩnh,57.2,45,Khá,2015
45,Hòa Bình,57.13,46,Khá,2015
46,Gia Lai,56.83,47,Trung bình,2015
47,Tuyên Quang,56.81,48,Trung bình,2015
48,Tiền Giang,56.74,49,Trung bình,2015
49,Quảng Bình,56.71,50,Trung bình,2015
50,Yên Bái,56.64,51,Trung bình,2015
51,Kon Tum,56.55,52,Trung bình,2015
52,Điện Biên,56.48,53,Trung bình,2015
53,Bình Phước,56.41,54,Trung bình,2015
54,Phú Yên,56.15,55,Trung bình,2015
55,Hưng Yên,55.1,56,Tương đối thấp,2015
56,Lạng Sơn,54.61,57,Tương đối thấp,2015
57,Cao Bằng,54.44,58,Tương đối thấp,2015
58,Cà Mau,54.4,59,Tương đối thấp,2015
59,Bắc Kạn,53.2,60,Thấp,2015
60,Lai Châu,52.77,61,Thấp,2015
61,Hà Giang,50.45,62,Thấp,2015
62,Đắk Nông,48.96,63,Thấp,2015
0,Đà Nẵng,70.0,1,Rất tốt,2016
1,Quảng Ninh,65.6,2,Rất tốt,2016
2,Đồng Tháp,64.96,3,Rất tốt,2016
3,Bình Dương,63.57,4,Rất tốt,2016
4,Lào Cai,63.49,5,Rất tốt,2016
5,Vĩnh Long,62.76,6,Rất tốt,2016
6,Thái Nguyên,61.82,7,Tốt,2016
7,TP.HCM,61.72,8,Tốt,2016
8,Vĩnh Phúc,61.52,9,Tốt,2016
9,Quảng Nam,61.17,10,Tốt,2016
10,Cần Thơ,61.14,11,Tốt,2016
11,Bến Tre,60.91,12,Tốt,2016
12,Kiên Giang,60.81,13,Tốt,2016
13,Hà Nội,60.74,14,Tốt,2016
14,Long An,60.65,15,Tốt,2016
15,BRVT,60.5,16,Tốt,2016
16,Bắc Ninh,60.35,17,Tốt,2016
17,Bình Định,60.24,18,Tốt,2016
18,Ninh Binh,60.14,19,Tốt,2016
19,Tây Ninh,60.14,20,Tốt,2016
20,Hải Phòng,60.1,21,Tốt,2016
21,Sóc Trăng,60.07,22,Tốt,2016
22,TT- Huế,59.68,23,Khá,2016
23,Khánh Hòa,59.59,24,Khá,2016
24,Nghệ An,59.45,25,Khá,2016
25,Quảng Ngãi,59.05,26,Khá,2016
26,Lâm Đồng,58.66,27,Khá,2016
27,Đắk Lắk,58.62,28,Khá,2016
28,Phú Thọ,58.6,29,Khá,2016
29,Nam Định,58.54,30,Khá,2016
30,Thanh Hóa,58.54,31,Khá,2016
31,Bình Thuận,58.2,32,Khá,2016
32,Bắc Giang,58.2,33,Khá,2016
33,Đồng Nai,58.2,34,Khá,2016
34,Hà Nam,58.16,35,Khá,2016
35,Hải Dương,57.95,36,Khá,2016
36,Hậu Giang,57.82,37,Khá,2016
37,An Giang,57.79,38,Khá,2016
38,Hà Tĩnh,57.76,39,Khá,2016
39,Thái Bình,57.72,40,Khá,2016
40,Bạc Liêu,57.66,41,Khá,2016
41,Trà Vinh,57.64,42,Khá,2016
42,Quảng Trị,57.62,43,Khá,2016
43,Quảng Bình,57.55,44,Khá,2016
44,Tuyên Quang,57.43,45,Khá,2016
45,Gia Lai,57.42,46,Khá,2016
46,Yên Bái,57.28,47,Khá,2016
47,Tiền Giang,57.25,48,Khá,2016
48,Ninh Thuận,57.19,49,Khá,2016
49,Hưng Yên,57.01,50,Khá,2016
50,Phú Yên,56.93,51,Khá,2016
51,Hòa Bình,56.8,52,Trung bình,2016
52,Điện Biên,56.48,53,Trung bình,2016
53,Cà Mau,56.36,54,Trung bình,2016
54,Lạng Sơn,56.29,55,Trung bình,2016
55,Kon Tum,56.27,56,Trung bình,2016
56,Bình Phước,56.21,57,Trung bình,2016
57,Sơn La,55.49,58,Tương đối thấp,2016
58,Hà Giang,55.4,59,Tương đối thấp,2016
59,Bắc Kạn,54.6,60,Tương đối thấp,2016
60,Đắk Nông,53.63,61,Tương đối thấp,2016
61,Lai Châu,53.46,62,Thấp,2016
62,Cao Bằng,52.99,63,Thấp,2016
0,Quảng Ninh,70.69,1,Rất Tốt,2017
1,Đà Nẵng,70.11,2,Rất Tốt,2017
2,Đồng Tháp,68.78,3,Rất Tốt,2017
3,Long An,66.7,4,Tốt,2017
4,Bến Tre,66.69,5,Tốt,2017
5,Vĩnh Long,66.07,6,Tốt,2017
6,Quảng Nam,65.41,7,Tốt,2017
7,TP.HCM,65.19,8,Khá,2017
8,Hải Phòng,65.15,9,Khá,2017
9,Cần Thơ,65.09,10,Khá,2017
10,Lào Cai,64.98,11,Khá,2017
11,Vĩnh Phúc,64.9,12,Khá,2017
12,Hà Nội,64.71,13,Khá,2017
13,Bình Dương,64.47,14,Khá,2017
14,Thái Nguyên,64.45,15,Khá,2017
15,BRVT,64.43,16,Khá,2017
16,Bắc Ninh,64.36,17,Khá,2017
17,Bình Định,64.08,18,Khá,2017
18,Tây Ninh,63.82,19,Khá,2017
19,Kiên Giang,63.65,20,Khá,2017
20,Nghệ An,63.52,21,Khá,2017
21,Lâm Đồng,63.5,22,Khá,2017
22,Khánh Hòa,63.36,23,Khá,2017
23,Bình Thuận,63.34,24,Khá,2017
24,Quảng Ngãi,63.16,25,Khá,2017
25,Đồng Nai,63.15,26,Khá,2017
26,Phú Thọ,62.55,27,Khá,2017
27,Thanh Hóa,62.46,28,Khá,2017
28,TT- Huế,62.37,29,Trung Bình,2017
29,Bắc Giang,62.2,30,Trung Bình,2017
30,Đắk Lắk,62.19,31,Trung Bình,2017
31,An Giang,62.16,32,Trung Bình,2017
32,Hà Tĩnh,61.99,33,Trung Bình,2017
33,Hà Nam,61.97,34,Trung Bình,2017
34,Thái Bình,61.97,35,Trung Bình,2017
35,Ninh Binh,61.86,36,Trung Bình,2017
36,Trà Vinh,61.71,37,Trung Bình,2017
37,Ninh Thuận,61.6,38,Trung Bình,2017
38,Tuyên Quang,61.51,39,Trung Bình,2017
39,Tiền Giang,61.44,40,Trung Bình,2017
40,Nam Định,61.43,41,Trung Bình,2017
41,Bạc Liêu,61.09,42,Trung Bình,2017
42,Gia Lai,60.91,43,Trung Bình,2017
43,Sóc Trăng,60.84,44,Trung Bình,2017
44,Quảng Bình,60.82,45,Trung Bình,2017
45,Yên Bái,60.72,46,Trung Bình,2017
46,Phú Yên,60.59,47,Trung Bình,2017
47,Điện Biên,60.57,48,Trung Bình,2017
48,Hải Dương,60.36,49,Trung Bình,2017
49,Hậu Giang,60.14,50,Trung Bình,2017
50,Cà Mau,59.83,51,Trung Bình,2017
51,Hòa Bình,59.42,52,Thấp,2017
52,Lạng Sơn,59.27,53,Thấp,2017
53,Quảng Trị,59.25,54,Thấp,2017
54,Hà Giang,59.16,55,Thấp,2017
55,Hưng Yên,59.09,56,Thấp,2017
56,Sơn La,58.9,57,Thấp,2017
57,Cao Bằng,58.89,58,Thấp,2017
58,Bắc Kạn,58.82,59,Thấp,2017
59,Lai Châu,58.82,60,Thấp,2017
60,Kon Tum,58.53,61,Thấp,2017
61,Bình Phước,56.7,62,Thấp,2017
62,Đắk Nông,55.12,63,Rất Thấp,2017
0,Quảng Ninh,70.36,1,Rất tốt,2018
1,Đồng Tháp,70.19,2,Rất tốt,2018
2,Long An,68.09,3,Tốt,2018
3,Bến Tre,67.67,4,Tốt,2018
4,Đà Nẵng,67.65,5,Tốt,2018
5,Bình Dương,66.09,6,Tốt,2018
6,Quảng Nam,65.85,7,Tốt,2018
7,Vĩnh Long,65.53,8,Tốt,2018
8,Hà Nội,65.4,9,Tốt,2018
9,TP.HCM,65.34,10,Khá,2018
10,Cần Thơ,64.98,11,Khá,2018
11,Lào Cai,64.63,12,Khá,2018
12,Vĩnh Phúc,64.55,13,Khá,2018
13,Tây Ninh,64.54,14,Khá,2018
14,Bắc Ninh,64.5,15,Khá,2018
15,Hải Phòng,64.48,16,Khá,2018
16,Khánh Hòa,64.42,17,Khá,2018
17,Thái Nguyên,64.24,18,Khá,2018
18,Nghệ An,64.08,19,Khá,2018
19,Bình Định,64.04,20,Khá,2018
20,BRVT,64.02,21,Khá,2018
21,Bình Thuận,64.0,22,Khá,2018
22,Hà Tĩnh,63.99,23,Khá,2018
23,Phú Thọ,63.95,24,Khá,2018
24,Thanh Hóa,63.94,25,Khá,2018
25,Đồng Nai,63.84,26,Khá,2018
26,Lâm Đồng,63.79,27,Khá,2018
27,An Giang,63.65,28,Khá,2018
28,Ninh Binh,63.55,29,Khá,2018
29,TT- Huế,63.51,30,Khá,2018
30,Kiên Giang,63.42,31,Khá,2018
31,Thái Bình,63.23,32,Khá,2018
32,Gia Lai,63.08,33,Khá,2018
33,Bắc Giang,63.01,34,Khá,2018
34,Nam Định,63.01,35,Khá,2018
35,Tuyên Quang,63.01,36,Khá,2018
36,Hà Nam,62.77,37,Khá,2018
37,Tiền Giang,62.75,38,Khá,2018
38,Bạc Liêu,62.53,39,Khá,2018
39,Đắk Lắk,62.48,40,Khá,2018
40,Quảng Ngãi,62.4,41,Khá,2018
41,Yên Bái,62.22,42,Trung bình,2018
42,Ninh Thuận,62.21,43,Trung bình,2018
43,Hậu Giang,61.87,44,Trung bình,2018
44,Sóc Trăng,61.82,45,Trung bình,2018
45,Trà Vinh,61.79,46,Trung bình,2018
46,Điện Biên,61.77,47,Trung bình,2018
47,Cà Mau,61.73,48,Trung bình,2018
48,Hòa Bình,61.73,49,Trung bình,2018
49,Lạng Sơn,61.7,50,Trung bình,2018
50,Phú Yên,61.69,51,Trung bình,2018
51,Hà Giang,61.19,52,Trung bình,2018
52,Quảng Trị,61.16,53,Trung bình,2018
53,Quảng Bình,61.06,54,Trung bình,2018
54,Hải Dương,60.98,55,Trung bình,2018
55,Sơn La,60.79,56,Trung bình,2018
56,Cao Bằng,60.67,57,Trung bình,2018
57,Hưng Yên,60.66,58,Trung bình,2018
58,Kon Tum,60.63,59,Trung bình,2018
59,Bắc Kạn,60.11,60,Trung bình,2018
60,Bình Phước,60.02,61,Trung bình,2018
61,Lai Châu,58.33,62,Tương đối thấp,2018
62,Đắk Nông,58.16,63,Tương đối thấp,2018
